customer_id,name,e-mail,birthdate,address,postcode,city,created_on
CST-5855489659,Sienna van Rheineck,sienna.van.rheineck@hotmail.com,1989-10-08,Esiladreef 4,8512 LG,Ransdaal,2019-11-20
CST-3997456816,Lisanne de Keijser,lisanne.de.keijser@kpn.nl,1958-11-15,Jessering 102,9879 VU,Overasselt,2018-08-30
CST-1813992459,Hailey van den Nuwenhuysen,hailey.van.den.nuwenhuysen@maandag.com,1948-05-10,Arthurweg 324,1183 IS,Oosternijkerk,2019-04-15
CST-6125603098,Eliza Everts,eliza.everts@gmail.com,1967-03-26,Guuspad 65,3507VS,Roderesch,2020-01-22
CST-5567678226,Willem de Backer,willem.de.backer@hotmail.com,1961-04-14,Ashleydreef 692,7672 JW,Culemborg,2020-08-31
CST-1260646843,Noëlle van Gastel,noelle.van.gastel@kpn.nl,1954-04-14,Brittstraat 22,2586FQ,Oldeouwer,2020-09-23
CST-2853536274,Hannah Zwijsen,hannah.zwijsen@havensteder.biz,1984-01-12,Kimring 22,8361 JR,Spaarndam gem. Haarlem,2020-05-13
CST-7260069224,Hailey Weijters,hailey.weijters@robbrechts.com,2002-11-28,Fabiënneboulevard 3,1484 LW,IJmuiden,2020-03-18
CST-0822442526,Lucy Hollander,lucy.hollander@westerbeek.com,1958-08-14,Isabeldreef 381,8781 SN,Gellicum,2021-03-24
CST-2693823393,Jan Jansen,jan.jansen@gmail.com,1987-06-26,Samuelweg 137,8229LJ,Espel,2021-05-20
CST-3421553280,Xavi Wigman,xavi.wigman@brenntag.org,1999-12-10,Bilalsteeg 516,7688KL,Buinen,2022-02-05
CST-0594898771,Tom van Munster,tom.van.munster@ziggo.nl,1979-09-20,Isabellasingel 0,8225 JX,Mijdrecht,2021-01-01
CST-5274423253,Melle Heijmans,melle.heijmans@outlook.com,1984-08-18,Sennaweg 957,2017VI,Zegge,2020-01-10
CST-2277944411,Loes van den Velden,loes.van.den.velden@hotmail.com,1984-03-19,Aliciapad 29,5137ME,Loenen aan de Vecht,2021-11-23
CST-4053644174,Marit Knuf,marit.knuf@hotmail.com,1974-04-14,Jaridreef 74,1252PC,Reahûs,2022-03-23
CST-8633222239,Bente van der Pluijm,bente.van.der.pluijm@hotmail.com,1977-02-07,Stefanpad 2,3872 HJ,Zevenbergschen Hoek,2018-12-28
CST-4003338959,Ibrahim Friehus,ibrahim.friehus@vermeulen.com,1989-07-27,Jonashof 157,5445XS,Nijland,2021-10-29
CST-4378416474,Jesper Symons,jesper.symons@outlook.com,1998-01-08,Jessesteeg 82,2336 PM,Walsoorden,2019-03-22
CST-8820838270,Luka Die Bont,luka.die.bont@hotmail.com,1981-02-20,Marinusdreef 621,3713 ED,Velden,2022-03-10
CST-7281536472,Kian Vaessen,kian.vaessen@outlook.com,1995-01-19,Quinnweg 4,2786XA,Hengelo (Gld),2018-05-28
CST-8879654233,Stijn Sam,stijn.sam@ziggo.nl,1962-10-14,Juulpad 408,2468 WJ,Heukelum,2021-05-11
CST-2623914900,Mila Peronne,mila.peronne@outlook.com,1959-07-03,Fienepad 72,9775 FK,Zeegse,2019-09-30
CST-4059477482,Romy Sanders,romy.sanders@keijzer.com,1988-10-15,Adrianapad 74,6432 TI,Vethuizen,2021-02-06
CST-7105455244,Julius Furda,julius.furda@houdijk.com,1991-01-19,Mettehof 1,4637 AJ,Den Dungen,2020-07-28
CST-9980685444,Chloé van Hemert,chloe.van.hemert@hotmail.com,1999-03-01,Stefanbaan 0,6999 MV,Someren,2019-04-19
CST-8607936379,Jonathan van Voorst,jonathan.van.voorst@kpn.nl,1956-08-04,Brittsteeg 416,9230DL,Veeningen,2019-08-16
CST-7337902765,Kai van 't Erve,kai.van.'t.erve@kpn.nl,1987-12-14,Yasminehof 854,3414 JD,Kallenkote,2021-03-23
CST-6808231169,Fien Luitgardis van Neustrië,fien.luitgardis.van.neustrie@stichting.com,1952-03-23,Dewidreef 6,7318RB,Bears,2019-10-20
CST-2590429149,Ecrin Stinis,ecrin.stinis@hotmail.com,1971-05-21,Floortjedreef 6,9200QF,Huijbergen,2022-03-14
CST-8022631169,Milo Westerbeek,milo.westerbeek@drysdale.com,1980-12-05,Ecrinweg 4,5547VT,Beemte Broekland,2019-07-19
CST-3128425796,Amy Houdijk,amy.houdijk@hotmail.com,1970-10-03,Jespersteeg 48,5455MR,Poortugaal,2020-03-09
CST-7688915706,Chloé van den Wittenboer,chloe.van.den.wittenboer@outlook.com,2003-11-22,Jannabaan 781,2120YJ,Hieslum,2020-01-17
CST-7019861069,Dion van Engelen,dion.van.engelen@ziggo.nl,1961-04-05,Boazdreef 893,7458 WC,Oldekerk,2019-05-04
CST-8725259127,Lot Aelftrud van Wessex,lot.aelftrud.van.wessex@hotmail.com,1964-09-10,Ianring 013,2994CE,Langweer,2019-09-03
CST-1022432476,Nynke van Laarhoven,nynke.van.laarhoven@kpn.nl,1952-12-05,Tessasingel 796,1991 JH,Harreveld,2021-04-27
CST-1314090480,Floor Martel,floor.martel@ziggo.nl,1973-08-17,Ravidreef 2,5798GJ,Oudehorne,2020-03-06
CST-7116271326,Hanna Bellemans,hanna.bellemans@stichting.info,1944-11-01,Marebaan 573,9226 OO,Vorstenbosch,2020-11-13
CST-5824255502,Hendrik Wilcken,hendrik.wilcken@kpn.nl,1950-09-18,Mirtebaan 8,2388 TB,De Cocksdorp,2019-07-30
CST-5078150656,Elise van der Ploeg,elise.van.der.ploeg@mitsubishi.org,1999-05-14,Ayalaan 80,4252 OJ,Tynaarlo,2018-06-25
CST-3182863933,Jacob Bertho,jacob.bertho@gmail.com,1983-07-22,Tirzastraat 5,5813IM,Hijken,2021-04-05
CST-3876691327,Ayden van Limburg,ayden.van.limburg@outlook.com,1970-08-29,Eviweg 77,1097WI,Zelhem,2020-08-05
CST-9954993615,Julia van Es,julia.van.es@hotmail.com,1997-03-12,Ayapad 4,7061 CL,Oosterhesselen,2019-01-05
CST-3058299407,Sjoerd Verwoert,sjoerd.verwoert@ziggo.nl,1953-11-09,Quinndreef 850,9071 NU,Ellemeet,2018-07-17
CST-3460558383,Renske van Velzen,renske.van.velzen@outlook.com,1972-11-04,Maudbaan 69,8397 QT,Vorstenbosch,2020-07-14
CST-5752690156,Nadia de Korte,nadia.de.korte@alfa.com,1991-11-28,Amberdreef 96,2439 QX,Oentsjerk,2019-05-07
CST-5601393527,Fay Weylant,fay.weylant@hotmail.com,1985-05-19,Elizepad 93,9989AQ,Keent,2020-03-16
CST-5400739072,Tirza Verheuvel,tirza.verheuvel@farm.com,1966-02-05,Vajènhof 2,3089 NZ,Roggel,2020-11-23
CST-0934890912,Joris Groen,joris.groen@bartels.com,2004-04-05,Eviesteeg 118,4283HY,Readtsjerk,2020-05-18
CST-9081664085,Evi Willemsen,evi.willemsen@ziggo.nl,1943-05-30,Barthof 4,7970GZ,Velserbroek,2018-05-13
CST-7140609810,Jari Labado,jari.labado@kpn.nl,1986-04-11,Roosbaan 5,6480JV,Wyns,2021-07-20
CST-1559730003,Julie Pasman,julie.pasman@kpn.nl,1995-02-10,Anoukring 15,5439XH,Goedereede,2019-10-24
CST-9786337798,Pim Spruyt,pim.spruyt@gmail.com,1964-03-20,Victorialaan 7,8374 RS,Riethoven,2019-02-18
CST-4883699077,Lieke Wildschut,lieke.wildschut@stichting.com,1982-04-05,Jessehof 806,1330 ZN,Sint Geertruid,2019-05-29
CST-3502255204,Chloë Rijks,chloe.rijks@kpn.nl,1948-06-07,Yaralaan 08,8976XX,Terhole,2019-08-13
CST-2936729906,Yasmin Boeser,yasmin.boeser@woningstichting.com,1970-06-26,Jamesstraat 93,6005FX,Vinkeveen,2018-11-22
CST-2642591943,Sanne Schellekens,sanne.schellekens@gmail.com,2003-03-04,Chloébaan 33,7315JL,Kinnum,2021-12-23
CST-0503901211,Julian Groenestein,julian.groenestein@koninklijke.org,1968-02-28,Wesseldreef 197,2699IY,Kerkwijk,2022-03-07
CST-4398434887,Maxim van Formbach,maxim.van.formbach@hotmail.com,1968-05-12,Quintenhof 774,8389FO,Teerns,2019-05-06
CST-3298245694,Luka Scholten,luka.scholten@koninklijke.com,1966-02-19,Robinhof 095,1462EM,Nieuw-Schoonebeek,2021-04-12
CST-2816851959,Jasper Schroeff,jasper.schroeff@ziggo.nl,1947-11-29,Thijspad 5,4631 TM,Babyloniënbroek,2021-11-18
CST-8477912257,Kyano Segerszoen,kyano.segerszoen@gmail.com,1997-01-17,Ameliabaan 492,4558 NX,Zonnemaire,2020-12-03
CST-5042689097,Lisa Hoogers,lisa.hoogers@hotmail.com,1973-04-18,Majalaan 44,6837 AS,Zuidoostbeemster,2021-07-26
CST-9886070158,Stefan Maaswinkel,stefan.maaswinkel@hotmail.com,1971-07-22,Mohamedbaan 9,2071 FG,Eleveld,2020-12-05
CST-9717528451,Leon Koster,leon.koster@aeije.com,2002-12-10,Damiandreef 1,6124IV,Leeuwarden,2019-01-20
CST-3391685391,Liza de Lange,liza.de.lange@gmail.com,1946-11-25,Eviebaan 253,8642RL,Hasselt,2018-06-27
CST-5210995944,Jonas Vignon,jonas.vignon@kpn.nl,1993-11-12,Suuspad 96,1056 FT,Waarland,2022-02-28
CST-9891526485,Mike Jansdr,mike.jansdr@stichting.org,1987-01-22,Lenaboulevard 7,2580 FP,De Waal,2021-06-24
CST-3038688731,Lieve Kuiper,lieve.kuiper@gmail.com,1991-07-11,Kianbaan 31,4111KP,De Kwakel,2019-08-05
CST-2944304169,Arthur Bijlsma,arthur.bijlsma@weylant.com,1984-04-02,Aaliyahsteeg 49,9255AI,Zalk,2018-06-24
CST-9288059867,Kim Moensendijk,kim.moensendijk@outlook.com,1999-04-04,Lisastraat 407,9192HA,Zegge,2019-08-06
CST-1287719928,Esmée Zeemans,esmee.zeemans@outlook.com,1998-02-06,Mellering 4,9012 FS,Spierdijk,2019-08-26
CST-7122784284,Elize Rackham,elize.rackham@kpn.nl,1949-05-08,Renskestraat 4,1289DE,Alteveer gem Hoogeveen,2018-11-13
CST-6540308038,Lukas van der Meer,lukas.van.der.meer@outlook.com,1988-11-19,Bryansingel 72,9100 HI,Eelderwolde,2020-08-12
CST-5676923171,Giel van Alenburg,giel.van.alenburg@kpn.nl,1968-09-11,Mialaan 1,5791 CT,Zijdewind,2021-03-02
CST-9347485769,Nora Emmen,nora.emmen@kpn.nl,2002-10-04,Simonsteeg 78,7167GU,Boer,2019-12-20
CST-7338037990,Pippa Slagmolen,pippa.slagmolen@outlook.com,1988-12-26,Kyansteeg 897,1060 XN,Opeinde,2020-11-16
CST-5718032027,Maryam Oversteeg,maryam.oversteeg@kpn.nl,1947-05-28,Bassingel 237,6217PC,Neer,2018-10-10
CST-6124089174,Marijn Bosch,marijn.bosch@van.com,1980-04-08,Sjoerdring 73,9338GB,Schipluiden,2019-10-16
CST-8593315841,Bram Brandt,bram.brandt@kpn.nl,1964-07-19,Helenapad 8,6939 OQ,Streefkerk,2019-02-02
CST-4566321969,Livia Boers,livia.boers@outlook.com,2004-05-25,Evabaan 82,3249TL,Foudgum,2021-11-11
CST-7201869525,Nienke de Vries,nienke.de.vries@kpn.nl,1960-09-17,Noudlaan 2,6108 ZI,Westerbork,2021-09-03
CST-3565588581,Mustafa Rousselet,mustafa.rousselet@koninklijke.com,1967-04-18,Jacobdreef 432,1750KC,Joure,2020-04-19
CST-0567114131,Tygo Walsteijn,tygo.walsteijn@outlook.com,1977-03-11,Inayaring 957,7754PP,Orvelte,2021-04-16
CST-1273947039,Jamie de Backer,jamie.de.backer@outlook.com,1960-10-04,Irispad 9,8371WX,Hezingen,2020-10-09
CST-8632535184,Isabelle Lind,isabelle.lind@brocacef.biz,1993-09-22,Oscarhof 506,4642 WO,Wateren,2022-01-16
CST-8389209080,Kick Kriens,kick.kriens@outlook.com,1965-06-21,Miloupad 423,4139 OG,Wânswert,2019-08-07
CST-7137516375,Saar Janssens,saar.janssens@kpn.nl,1960-11-23,Noëllesingel 6,2349TR,St. Willebrord,2019-02-23
CST-5037888348,Elise Brievingh,elise.brievingh@ziggo.nl,1972-09-04,Imkeweg 606,1127BO,Spijk Gn,2019-09-07
CST-8375387475,Aylin Scuylenborchs,aylin.scuylenborchs@kpn.nl,1960-10-21,Rileyboulevard 5,2110 CR,Zorgvlied,2020-12-15
CST-6061463069,Sebastiaan van de Greef,sebastiaan.van.de.greef@van.com,1952-12-08,Taraweg 288,8678NC,Biest-Houtakker,2020-03-14
CST-8602248261,Dion van de Ven,dion.van.de.ven@gmail.com,1992-12-24,Stensteeg 1,3800RA,Wenum Wiesel,2021-10-02
CST-8816164451,Maja Poncelet,maja.poncelet@ziggo.nl,1993-02-08,Amberboulevard 290,9392DW,Ter Idzard,2018-08-01
CST-9623053951,Ilse Galenzone,ilse.galenzone@rtl.com,1980-04-07,Rosapad 88,5049QV,Oppenhuizen,2021-07-23
CST-2257406019,Bastiaan Dirksen,bastiaan.dirksen@kpn.nl,1989-10-14,Annabelweg 056,3473NH,Jisp,2020-11-26
CST-2945872839,Chris Heymans,chris.heymans@kpn.nl,1951-01-04,Fatimasteeg 65,4578OX,Soest,2018-10-04
CST-4436016673,Suze Smit,suze.smit@outlook.com,1963-07-01,Felixsteeg 964,7791XH,Heumen,2020-09-30
CST-8379411849,Duuk van Daal,duuk.van.daal@stichting.com,1965-03-28,Daniquedreef 17,4639UB,Roggel,2022-02-22
CST-4889753930,Maya Pasman,maya.pasman@hotmail.com,1975-04-20,Maxbaan 8,3598 MT,Gasselternijveenschemond,2022-04-01
CST-0706134583,Jules van Dooren,jules.van.dooren@outlook.com,1951-12-18,Ivanbaan 8,8890 IW,Ottersum,2018-07-22
CST-1908187228,Azra van Mare,azra.van.mare@stichting.com,1988-03-22,Mohamedweg 9,1294GH,Langweer,2018-06-13
CST-5557700094,Fien van Hagen,fien.van.hagen@outlook.com,1962-05-15,Miahof 8,3602NC,Doeveren,2020-12-13
CST-9385131273,Jim van Westfalen,jim.van.westfalen@ziggo.nl,1993-11-02,Casweg 45,1781 UZ,'s-Heerenhoek,2019-06-16
CST-4213258477,Victor Oennen,victor.oennen@kpn.nl,1965-06-11,Mikehof 590,5422 AK,Harkema,2019-06-03
CST-0557885517,Dani Rousselet,dani.rousselet@ziggo.nl,2002-09-26,Mikaweg 66,9143XS,Mheer,2020-02-02
CST-2372267409,Silke de Bruijn,silke.de.bruijn@ziggo.nl,1988-02-19,Esméestraat 188,7156 EP,Ubbergen,2020-03-24
CST-9775207118,Mads van den Berg,mads.van.den.berg@gmail.com,1981-11-28,Simonsingel 37,8432TS,Tolkamer,2021-04-22
CST-2714699512,Micha van Haeften,micha.van.haeften@de.net,1992-11-01,Livhof 570,2834DX,Akmarijp,2020-04-19
CST-2291893727,Esmée Blewanus,esmee.blewanus@stichting.org,1980-08-20,Quintyring 23,9229HC,Twijzel,2018-06-26
CST-7860063797,Robin Huberts,robin.huberts@gmail.com,1959-09-02,Chloépad 598,5872OC,Harlingen,2020-02-27
CST-3364916370,Ryan van Embden,ryan.van.embden@hotmail.com,1949-09-06,Chloëlaan 319,3986 RV,Hoogenweg,2018-06-22
CST-0959470612,Sanne van der Maes,sanne.van.der.maes@stichting.info,2002-03-01,Silstraat 092,4964 KN,Oud Zuilen,2022-01-22
CST-5221221027,Johannes Jeggij,johannes.jeggij@hotmail.com,1959-07-29,Lisering 3,4022 YN,Oud Annerveen,2018-05-05
CST-6497521515,Lize van der Heyden,lize.van.der.heyden@van.com,1947-10-02,Fienstraat 28,2426RH,Muiderberg,2020-06-25
CST-5529868940,Bram Blonk,bram.blonk@ziggo.nl,2000-08-05,Isabellebaan 31,3044 GK,Haarzuilens,2018-07-29
CST-7250585008,Lucy Kuijpers,lucy.kuijpers@kpn.nl,1969-08-08,Maudpad 394,6810 YP,Ossenwaard,2020-07-12
CST-0697721268,Maurits Bastiaense,maurits.bastiaense@ziggo.nl,1951-06-12,Joepsteeg 143,8238IZ,Ooij,2020-08-09
CST-9195705929,Aylin Klomp Jan,aylin.klomp.jan@ziggo.nl,1997-11-15,Ameliasteeg 8,7493 QJ,Gouderak,2019-08-12
CST-9947010463,Evelien Hulshouts,evelien.hulshouts@ziggo.nl,1998-03-25,Maartendreef 23,3714 TA,Niezijl,2019-05-21
CST-7406217109,Alex Gemen,alex.gemen@hotmail.com,1997-11-08,Yfkesingel 6,9793UU,Lucaswolde,2022-02-05
CST-4512358973,Louise Dirksen,louise.dirksen@kpn.nl,1998-08-18,Jannahof 7,2349 YH,Krewerd,2021-04-22
CST-5218468231,Selena Koning,selena.koning@gmail.com,1976-06-06,Aidenbaan 233,3904IZ,Heelweg,2018-11-29
CST-5124520639,Hidde Boudewijns,hidde.boudewijns@kpn.nl,1969-09-22,Phileineweg 756,5646 WH,Drempt,2018-04-30
CST-1031193557,Lois le Gallen,lois.le.gallen@de.biz,1952-06-17,Jenteweg 356,8269NJ,Altforst,2020-04-26
CST-9688803235,Sarah van Mispelen,sarah.van.mispelen@outlook.com,1972-09-09,Jilldreef 7,9344IO,Wezup,2021-08-12
CST-9584461983,Vigo Kirpenstein,vigo.kirpenstein@hotmail.com,1957-03-01,Jariboulevard 56,7122 BO,Idskenhuizen,2021-08-23
CST-2005664308,Leah Woutersz,leah.woutersz@koninklijke.net,2002-06-07,Nienkehof 066,2868QH,Domburg,2020-04-06
CST-6652070386,Melissa Blees,melissa.blees@kpn.nl,1964-09-25,Aaliyahbaan 8,8278DJ,Ternaard,2018-10-15
CST-6066915140,Mason Schenkel,mason.schenkel@kpn.nl,1998-12-19,Jakelaan 0,1564 WG,Middenmeer,2022-03-31
CST-5446370287,Tijs Werl,tijs.werl@hotmail.com,1978-09-12,Majaboulevard 7,8681SF,Purmerland,2018-11-02
CST-5446924388,Maarten van Luyssel,maarten.van.luyssel@marchal.com,1964-10-09,Demiboulevard 496,2675MZ,Baarle-Nassau,2019-08-09
CST-8781604804,Nick Jansen,nick.jansen@gmail.com,1950-07-21,Jolijnring 80,8182KY,Enter,2019-07-11
CST-1185757248,Hanna Uphaus,hanna.uphaus@kpn.nl,1980-08-20,Leonsingel 41,8446 OD,Houten,2018-07-18
CST-3133646572,Faas Prinsen,faas.prinsen@ziggo.nl,1975-10-10,Jetlaan 4,5293 ZE,Twello,2020-06-19
CST-7590351788,Jasmijn Ouwerkerk,jasmijn.ouwerkerk@gmail.com,1990-04-08,Daphnelaan 17,8143 TZ,Holwerd,2019-02-19
CST-5395639740,Liv van den Velden,liv.van.den.velden@arboned.com,1946-12-11,Emirlaan 65,7963UN,Wanssum,2019-10-04
CST-5831927729,Danique Doyle,danique.doyle@kpn.nl,1970-08-11,Kaisteeg 58,4132VS,Nijkerkerveen,2021-02-13
CST-6456107888,Ashley Hendrikse,ashley.hendrikse@ziggo.nl,1971-07-23,Jaylinnlaan 6,2484 YU,Groenekan,2021-10-18
CST-3012670077,Inaya van Zwaben,inaya.van.zwaben@hotmail.com,1989-05-18,Stijnstraat 2,5241BX,Kerkwijk,2020-09-09
CST-6961119616,Willem Rousselet,willem.rousselet@hotmail.com,1954-03-25,Thijnboulevard 1,8350 XZ,Hantumhuizen,2019-03-20
CST-4513928021,Hannah Brievingh,hannah.brievingh@hotmail.com,1953-04-13,Lizpad 407,6017XF,Eenum,2020-02-29
CST-7671767888,Hidde den Haag,hidde.den.haag@kpn.nl,1973-01-30,Lisesingel 869,1512MZ,Zenderen,2020-01-04
CST-8361521916,Loes van den Oever,loes.van.den.oever@hotmail.com,1967-11-30,Milobaan 3,7736LH,Goingarijp,2019-11-23
CST-3875022254,Hamza Romijn,hamza.romijn@kpn.nl,1962-03-29,Owenboulevard 33,5189 JG,Olterterp,2019-04-11
CST-5011337145,Mara Lankle,mara.lankle@outlook.com,1951-04-28,Michaelsteeg 70,4896DA,Kwintsheul,2018-04-29
CST-1191489807,Leon van der Meer,leon.van.der.meer@outlook.com,1997-12-27,Samdreef 94,1310RW,Bladel,2020-04-17
CST-7053842316,Noortje Thatcher,noortje.thatcher@hotmail.com,1986-06-08,Zeyneplaan 44,7092TV,Sint-Annaland,2018-06-10
CST-0359930777,"Stan Bourgondië, van","stan.bourgondie,.van@kpn.nl",1959-05-17,Daniëlbaan 739,7667 QY,Biggekerke,2019-12-17
CST-7368314967,Boaz Guit,boaz.guit@schenk.com,1955-12-14,Loïssteeg 0,5747TT,Zuilichem,2019-12-26
CST-9075128738,Philip Weyland,philip.weyland@hotmail.com,1943-11-21,Yinthesingel 63,9975WL,Sleen,2022-01-08
CST-2031514716,Julian Broekhoven,julian.broekhoven@gmail.com,1965-04-07,Leonsteeg 164,5582RV,Heenvliet,2020-09-21
CST-5699276236,Simon Ellis,simon.ellis@hexspoor.com,1999-07-08,Larssteeg 58,3903PD,Zevenhuizen,2021-01-11
CST-2322954621,Yasmin Scheer,yasmin.scheer@ziggo.nl,1987-04-28,Brentlaan 262,8694 CI,Hoenderloo,2020-11-26
CST-0528275463,Elisabeth Nijman,elisabeth.nijman@kpn.nl,1984-08-07,Bradleylaan 549,3392 SQ,Mariënberg,2021-08-03
CST-2908231008,Tom Veenendaal,tom.veenendaal@ziggo.nl,1949-11-08,Louiseweg 50,4075 PQ,Soesterberg,2018-10-08
CST-3951623219,Nora de Gruijl,nora.de.gruijl@van.com,1948-10-26,Lizering 3,2404 JU,Easterein,2019-06-03
CST-9419571226,Colin van der Pol,colin.van.der.pol@gmail.com,1998-02-22,Tylerdreef 052,5865 GU,Drempt,2021-12-22
CST-9442967474,Fabian Recer,fabian.recer@hotmail.com,1977-04-16,Jornhof 497,9767FI,Wetsens,2022-03-12
CST-0574319091,Ivan van Dongen,ivan.van.dongen@ziggo.nl,1981-08-21,Dinaboulevard 8,5362 ZM,Nietap,2019-05-25
CST-5267628178,Yasmin van Oostendorp,yasmin.van.oostendorp@koninklijke.info,1978-12-07,Mauritsdreef 64,2971RU,Anerveen,2020-12-20
CST-4188794570,Cornelia Kremer,cornelia.kremer@van.com,1968-02-20,Tiesweg 2,3518 CH,Zwolle,2018-08-06
CST-5626356102,Elias van Bernicia,elias.van.bernicia@gmail.com,1966-03-10,Ivanstraat 8,5667US,Ouderkerk aan den IJssel,2018-10-03
CST-7734825762,Philip Hemma van Allemanië,philip.hemma.van.allemanie@wouters.com,1998-03-24,Xavihof 1,5832 RB,Nieuwegein,2020-05-13
CST-8331086904,Benthe Buijs,benthe.buijs@stichting.biz,1984-07-11,Bilalpad 984,6834MN,Ankeveen,2018-08-15
CST-1506675146,Elize Mansveld,elize.mansveld@gmail.com,1968-12-17,Jamieweg 79,5264PJ,Eursinge,2020-08-11
CST-1283973648,Janne van Gent,janne.van.gent@ziggo.nl,1973-12-05,Maritstraat 44,7560LM,Vollenhove,2021-07-21
CST-2105970560,Philip Hellevoort,philip.hellevoort@kpn.nl,1980-11-27,Kayleighsteeg 5,7733 HQ,Bathmen,2018-09-07
CST-5879044856,Meike Speijer,meike.speijer@kpn.nl,1984-10-15,Milostraat 616,9961EZ,Hemelum,2019-08-25
CST-6770363251,Helena de Gruijl,helena.de.gruijl@kpn.nl,1978-06-13,Kianbaan 7,5286HK,Hierden,2018-04-17
CST-0410735876,Teun van de Brink,teun.van.de.brink@outlook.com,1978-12-13,Juliussteeg 01,2362ZR,Rolde,2018-06-20
CST-6702469283,Louise Schenkel,louise.schenkel@kpn.nl,1986-11-02,Stellastraat 190,8206 DU,Slootdorp,2021-04-26
CST-7260515029,Yara van Egisheim,yara.van.egisheim@koninklijke.net,1955-11-09,Linaweg 01,1809 FZ,Noordgouwe,2021-10-07
CST-6328285110,Bart Jones,bart.jones@hotmail.com,1997-04-03,Vajènpad 04,2004 NF,Tilburg,2021-11-21
CST-4752289114,Daphne Höning,daphne.honing@ziggo.nl,1989-05-20,Florianweg 539,3636HV,Luttelgeest,2020-09-11
CST-9085668733,Tycho Weijland,tycho.weijland@hotmail.com,1949-11-20,Lisaweg 34,5467 TT,Monnickendam,2019-11-28
CST-7194032343,Rik van Nimwegen,rik.van.nimwegen@ziggo.nl,1973-02-15,Thijmensteeg 5,3268 WT,Vinkega,2022-01-09
CST-5292900252,Samuel Blokland,samuel.blokland@ziggo.nl,1973-04-09,Aaliyahweg 14,5543 FC,Middenbeemster,2019-08-26
CST-0592325578,Alyssa Frankhuizen,alyssa.frankhuizen@hotmail.com,1996-09-21,Quintylaan 56,7736HM,Koolwijk,2018-12-03
CST-0800696935,Lize van de Ven,lize.van.de.ven@stichting.net,1964-11-24,Simonsteeg 50,1096 CI,Leveroy,2018-04-15
CST-6856601236,Arthur Korstman,arthur.korstman@outlook.com,1943-04-12,Sylviesteeg 513,3080 SG,Koudekerk aan den Rijn,2021-11-29
CST-6775440294,Faas le Floch,faas.le.floch@koninklijke.com,1963-10-15,Maudsteeg 10,8023 ZI,Dongjum,2020-05-09
CST-7915252704,Tristan van Loon,tristan.van.loon@ziggo.nl,1985-05-27,Teunring 343,9089OL,Vuren,2021-03-12
CST-5840471469,Elize Boudewijns,elize.boudewijns@ziggo.nl,1952-10-05,Eliasweg 35,6184IA,Walsoorden,2018-07-22
CST-4217509012,Tess van Gent,tess.van.gent@den.com,2002-10-14,Youssefbaan 379,8948ZQ,Wedde,2020-02-25
CST-9490196017,Berend Reimes,berend.reimes@hotmail.com,1969-02-04,Nadinering 13,5242 IM,Huijbergen,2018-04-15
CST-8079596114,Hugo van der Pluijm,hugo.van.der.pluijm@ziggo.nl,1979-01-07,Lotring 543,4904YO,Westerhaar-Vriezenveensewijk,2019-09-29
CST-7013122131,Faye Willems van Lier,faye.willems.van.lier@jeggij.biz,1983-11-22,Myrthesingel 099,4309CU,Schimmert,2020-09-17
CST-7454323919,Suus Huijbrechts,suus.huijbrechts@royal.info,1947-10-27,Lararing 1,2670 EA,Oud-Beijerland,2019-01-21
CST-6397469473,Mette van Venrooy,mette.van.venrooy@outlook.com,1991-12-15,Stellasingel 5,2697 RB,Aldtsjerk,2019-11-25
CST-1350340646,Lucy Mudden,lucy.mudden@gmail.com,1959-03-24,Nathanlaan 522,6759 NV,De Tike,2019-01-15
CST-7740348348,Tristan Cornelisse,tristan.cornelisse@hotmail.com,1967-08-14,Jeltepad 41,4967FQ,Ossenwaard,2019-02-25
CST-2325114562,Meike van de Velde,meike.van.de.velde@hotmail.com,1954-09-17,Samuelring 3,7870IR,Panningen,2020-01-07
CST-6085547380,Loïs van Tours,lois.van.tours@kpn.nl,2003-01-13,Jaysonsingel 6,5750GQ,Susteren,2020-09-03
CST-8173757628,Finn van Holland,finn.van.holland@gmail.com,1951-11-28,Kyanboulevard 4,9790 KW,Gorssel,2021-12-13
CST-8730153583,Aiden Thout,aiden.thout@kpn.nl,1943-11-17,Alyssasteeg 3,2519 HY,Heusden,2019-10-06
CST-2948528255,Isabella Tammerijn,isabella.tammerijn@outlook.com,1964-08-25,Majabaan 8,8185 DT,Breda,2018-07-26
CST-7698122067,Yinthe Gemen,yinthe.gemen@ziggo.nl,1952-12-31,Zoëboulevard 92,2875RF,Asten,2019-12-13
CST-8696041639,Elias van de Weterink,elias.van.de.weterink@gmail.com,2003-06-01,Sannelaan 020,7745 RO,Rohel,2021-08-17
CST-8520146698,Merle Hagendoorn,merle.hagendoorn@aviko.org,1992-11-21,Juliettestraat 30,1117 LL,Scharmer,2018-06-09
CST-5391533424,Senna Zevenboom,senna.zevenboom@wolters.org,2001-06-14,Jeltestraat 370,4795 WN,Koolwijk,2018-12-30
CST-9285674683,Lois van den Nyeuwenhuysen,lois.van.den.nyeuwenhuysen@outlook.com,1963-07-23,Frederiquering 9,7009IK,Warstiens,2020-09-08
CST-8826082164,Fedde Heyne,fedde.heyne@van.biz,1997-01-19,Jannedreef 550,3285ND,Katlijk,2020-11-08
CST-0077565548,Quinten van der Laar,quinten.van.der.laar@kpn.nl,1966-01-01,Berathof 9,7954 BD,Glane,2018-09-01
CST-9129228656,Myrthe Schenk,myrthe.schenk@kpn.nl,1993-11-11,Danalaan 446,1928ZO,Nieuwlande,2019-11-09
CST-6345740999,Stan Pieters,stan.pieters@hotmail.com,1990-12-29,Annadreef 9,2807 UQ,Noordwelle,2018-08-26
CST-6386824414,Milou van Geenen,milou.van.geenen@ziggo.nl,1993-05-16,Ellabaan 6,4449PA,Krabbendijke,2019-09-12
CST-0508195822,Jente van Beek,jente.van.beek@outlook.com,1952-08-26,Elizabethboulevard 88,2985XC,Nuland,2021-11-07
CST-6444728387,Aaliyah Westermann,aaliyah.westermann@stichting.com,1986-01-20,Sophiaboulevard 6,8623 EZ,Twijzel,2019-09-28
CST-5638060697,Lise van den Nieuwenhuijsen,lise.van.den.nieuwenhuijsen@recers.info,1950-11-30,Meesring 06,1934 JO,Waarde,2021-08-05
CST-0535300590,Kiki Zaal,kiki.zaal@ziggo.nl,1984-10-04,Roandreef 8,8416 JY,Andel,2019-08-11
CST-6952475175,Aron van Velzen,aron.van.velzen@outlook.com,2000-09-13,Charlotteweg 510,1927DO,Boschoord,2019-09-17
CST-0126298708,Mette Ramaker,mette.ramaker@stichting.com,2003-12-20,Gerritweg 70,9452 VP,Zeijerveld,2020-01-26
CST-6476753653,Owen van Formbach,owen.van.formbach@de.com,1960-02-03,Loespad 58,4195 KI,Hooghalen,2018-10-11
CST-1597570164,Yara Hoeks,yara.hoeks@vopak.com,1959-07-15,Jesseboulevard 484,6825 TF,Easterlittens,2021-06-05
CST-0662269039,Aylin van Stralen,aylin.van.stralen@kpn.nl,1997-06-19,Elinsteeg 17,5833 GE,Woerdense Verlaat,2020-07-16
CST-3952716552,Liza van der Wal,liza.van.der.wal@stichting.com,1953-02-06,Jamesstraat 48,4261VU,Raard,2022-01-07
CST-3178426246,Myrthe van Stralen,myrthe.van.stralen@van.com,1984-04-01,Ceylinweg 82,5705 KO,Berkel-Enschot,2020-09-08
CST-8299619555,Lukas van der Smeede,lukas.van.der.smeede@van.com,2002-02-20,Stefring 8,7229 XS,Wekerom,2019-05-09
CST-6134114966,Rik Furda,rik.furda@sire.com,1945-07-05,Robinpad 06,7073 GJ,Alteveer gem Hoogeveen,2021-12-20
CST-4241720645,Suze Verhoeven,suze.verhoeven@outlook.com,1957-04-12,Elizaweg 064,6065 WT,Ouderkerk aan de Amstel,2020-10-31
CST-4791287934,Selena Kruns,selena.kruns@engels.com,1995-06-14,Beaupad 8,6700DV,Kloosterhaar,2019-11-06
CST-9110162162,Elias Mansveld,elias.mansveld@kpn.nl,1992-02-16,Milolaan 510,6948 PA,IJhorst,2021-07-28
CST-1246161312,Elias Timmermans,elias.timmermans@hendrix.com,1968-11-19,Jaydaweg 76,5625SB,Heibloem,2021-02-20
CST-3931904400,Jasper Verhagen,jasper.verhagen@ziggo.nl,1999-11-04,Olafboulevard 4,2423 VF,Bergen aan Zee,2020-08-14
CST-1117119721,Thijmen Höning,thijmen.honing@royal.com,1948-09-23,Azrasteeg 55,8473 UC,Hengelo,2020-09-20
CST-2040926232,Sjoerd Mallien,sjoerd.mallien@de.com,2002-03-27,Berendpad 0,6345WZ,Hartwerd,2018-05-28
CST-8666974335,Ryan Dekker,ryan.dekker@gmail.com,1946-04-22,Livpad 30,8227CA,Lage Zwaluwe,2018-10-04
CST-0543615463,Mare Françoise,mare.francoise@bruggeman.net,1964-01-22,Nisaweg 40,3282CN,Hinnaard,2020-03-17
CST-7776930122,Nikki van Geffen,nikki.van.geffen@hotmail.com,2002-03-31,Fayweg 711,7773AS,Waterlandkerkje,2018-04-15
CST-8543214720,Maartje van Wel,maartje.van.wel@ziggo.nl,1999-03-01,Jensweg 24,9367 XC,Winssen,2019-04-20
CST-9538220832,Catharina Klomp Jan,catharina.klomp.jan@hotmail.com,1990-09-28,Maritsingel 62,4283 NG,Liessel,2019-05-06
CST-5182902530,Annemijn Köster,annemijn.koster@robeco.com,1964-03-01,Julielaan 9,7664WH,Mantinge,2020-07-19
CST-4185144219,Nadine Latier,nadine.latier@shell.info,1995-11-09,Mauritsbaan 180,6096KD,Rogat,2019-10-17
CST-8267083638,Sara Kuijpers,sara.kuijpers@kpn.nl,1966-12-10,Suzesteeg 73,6960 XX,Geelbroek,2021-04-26
CST-7558736123,Thijs de Keijser,thijs.de.keijser@gmail.com,1948-02-22,Tijmenpad 0,6552GB,Ohé en Laak,2021-01-30
CST-1572737233,Benthe Schiffer,benthe.schiffer@ziggo.nl,1946-10-14,Elifboulevard 9,6535GG,Hoogmade,2021-04-30
CST-7301793318,Jolijn Postma,jolijn.postma@hotmail.com,1976-03-03,Tygosteeg 90,7853 ZA,Ulft,2021-01-04
CST-8962097677,Amin Huurdeman,amin.huurdeman@gmail.com,1969-10-07,Corneliaring 4,5706DO,Neerkant,2022-03-25
CST-5236123223,Amina van Opper,amina.van.opper@ziggo.nl,1989-04-04,Luuksingel 280,6324PY,Maasbommel,2019-11-24
CST-2320508328,Elif van Rossum,elif.van.rossum@borman.com,1985-12-10,Lindedreef 42,1524UX,'s Gravenmoer,2021-08-23
CST-2050251563,Rafael Engels,rafael.engels@dirven.com,1967-02-16,Nadinering 52,8310JL,Galder,2021-02-10
CST-4462619009,David van der Spaendonc,david.van.der.spaendonc@dhl.com,1986-10-01,Nielsbaan 74,5989 BY,Roosteren,2020-03-25
CST-1049110391,Noah van Nederlotharingen,noah.van.nederlotharingen@hotmail.com,2003-06-12,Majahof 96,8265XL,Spaarndam gem. Haarlem,2021-09-25
CST-4809386251,Mathijs Scuylenborchs,mathijs.scuylenborchs@gmail.com,1969-10-13,Nathanstraat 78,3168 DA,Wijnaldum,2019-01-03
CST-9157185492,Mustafa Brievingh,mustafa.brievingh@gmail.com,1966-12-30,Renslaan 5,4592 CU,Zeewolde,2021-04-24
CST-3602340615,Jari Diesbergen,jari.diesbergen@royal.com,1954-05-26,Bradleystraat 0,9280DN,Glimmen,2020-01-11
CST-0432188067,Felix Coenen,felix.coenen@gmail.com,1945-02-10,Corneliahof 49,1370 OW,Horn,2021-05-06
CST-1715775878,James Backer,james.backer@kpn.nl,1982-12-11,Twanpad 91,4761 PA,Schiphol-Rijk,2021-05-24
CST-5533816151,Tirza van Salmen,tirza.van.salmen@schwartsbach.net,1949-05-01,Dexdreef 6,2767 RK,Westhoek,2018-12-27
CST-6411325512,Amina Vermeulen,amina.vermeulen@outlook.com,1946-08-30,Liviasingel 5,6630DQ,Ven-Zelderheide,2019-09-11
CST-2892323779,Luna Hendrikse,luna.hendrikse@ziggo.nl,1979-06-12,Majaring 021,5137ZV,Wormerveer,2020-12-14
